LGA,Total_Cases,Male_Cases,Female_Cases,Deaths,Avg_Rainfall,Avg_Climate_Temp,Severe_Cases
Brass,401,154,143,29,221.3501246882793,25.708229426433917,170
Ekeremor,357,129,138,18,220.13529411764708,26.72941176470588,148
Kolokuma/Opokuma,344,122,122,27,217.66017441860467,26.661627906976744,143
Nembe,385,137,125,32,215.14623376623376,25.794285714285714,166
Ogbia,415,138,159,32,224.75277108433733,26.40385542168675,165
Sagbama,362,130,131,20,221.31850828729281,27.109944751381214,149
Southern Ijaw,354,131,130,28,211.12033898305086,25.60621468926554,149
Yenagoa,382,135,156,27,216.4044502617801,25.667539267015705,159
