Severity,Avg_Body_Temp,High_Risk_Age_Ratio,Hyperpyrexia_Ratio,Mortality_Rate
Low,38.509733487833145,0.0,0.0,0.012746234067207415
Moderate,39.4893018018018,0.0,0.0,0.02027027027027027
Severe,39.72722177742194,0.6549239391513211,0.5340272217774219,0.14731785428342675
